{"cameraMode":{"drawMode":0,"name":"Shaded","section":"Shading Mode"},"sceneLighting":true,"audioPlay":false,"sceneViewState":{"showFog":true,"showMaterialUpdate":false,"showSkybox":true,"showFlares":true,"showImageEffects":true,"showParticleSystems":true},"in2DMode":false,"pivot":{"x":-46.2491455078125,"y":-36.209625244140628,"z":3.090595245361328},"rotation":{"x":-0.24224601686000825,"y":0.6351507306098938,"z":-0.21990716457366944,"w":-0.699674665927887},"size":68.85518646240235,"orthographic":false}